Track name,Artist name,Album,Playlist name,Type,ISRC
"Daniel Lopatin - The Call","","","2026-03","Playlist",""
"Daniel Lopatin - Marty’s Dream","","","2026-03","Playlist",""
"Daniel Lopatin - Endo’s Game","","","2026-03","Playlist",""
"Daniel Lopatin - The Apple","","","2026-03","Playlist",""
"Daniel Lopatin - Pure Joy","","","2026-03","Playlist",""
"Daniel Lopatin - Holocaust Honey","","","2026-03","Playlist",""
"Daniel Lopatin - The Humbling","","","2026-03","Playlist",""
"Daniel Lopatin - Motherstone","","","2026-03","Playlist",""
"Daniel Lopatin - The Scape","","","2026-03","Playlist",""
"Daniel Lopatin - Tub Falls","","","2026-03","Playlist",""
"Daniel Lopatin - Fucking Mensch","","","2026-03","Playlist",""
"Daniel Lopatin - Rockwell Ink","","","2026-03","Playlist",""
"Daniel Lopatin - Hoff's","","","2026-03","Playlist",""
"Daniel Lopatin - Seward Park","","","2026-03","Playlist",""
"Daniel Lopatin - The Necklace","","","2026-03","Playlist",""
"Daniel Lopatin - Vampire’s Castle","","","2026-03","Playlist",""
"Daniel Lopatin - Back to Hoff's","","","2026-03","Playlist",""
"Daniel Lopatin - Shootout","","","2026-03","Playlist",""
"Daniel Lopatin - I Love You, Tokyo","","","2026-03","Playlist",""
"Daniel Lopatin - The Real Game","","","2026-03","Playlist",""
"Daniel Lopatin - Endo’s Game (Reprise)","","","2026-03","Playlist",""
"Daniel Lopatin - Force Of Life","","","2026-03","Playlist",""
"Daniel Lopatin - End Credits (I Still Love You, Tokyo)","","","2026-03","Playlist",""
"Polygon Window","","","2026-03","Playlist",""
"Polygon Window - Audax Powder","","","2026-03","Playlist",""
"Polygon Window - Quoth","","","2026-03","Playlist",""
"Polygon Window - If It Really Is Me","","","2026-03","Playlist",""
"Polygon Window - Supremacy II","","","2026-03","Playlist",""
"Polygon Window - UT1-Dot","","","2026-03","Playlist",""
"Polygon Window - Untitled","","","2026-03","Playlist",""
"Polygon Window - Quixote","","","2026-03","Playlist",""
"Polygon Window - Portreath Harbour","","","2026-03","Playlist",""
"Polygon Window - Redruth School","","","2026-03","Playlist",""
"Polygon Window - Quino-Phec","","","2026-03","Playlist",""
"Haruomi Hosono - TALKING あなたについてのおしゃべりあれこれ","","","2026-03","Playlist",""
"Haruomi Hosono - GROWTH 都市にまつわる生長のことなど","","","2026-03","Playlist",""
"The Thinking Of The World Began Pounding In Our Ears The Moment We Hit Shore · Florian T M Zeisig · More Eaze · Don Lyons · Mari Maurice Rubio - Say What You Want To","","","2026-03","Playlist",""
"The Thinking Of The World Began Pounding In Our Ears The Moment We Hit Shore · Florian T M Zeisig · More Eaze · Don Lyons · Cal Fish · Mari Maurice Rubio - Haze","","","2026-03","Playlist",""
"The Thinking Of The World Began Pounding In Our Ears The Moment We Hit Shore · Florian T M Zeisig · More Eaze · Cal Fish · Mari Maurice Rubio - Moon","","","2026-03","Playlist",""
"The Thinking Of The World Began Pounding In Our Ears The Moment We Hit Shore · Florian T M Zeisig · Róisín Berkeley · Cal Fish · K. Francis Messer - Walk Away","","","2026-03","Playlist",""
"The Thinking Of The World Began Pounding In Our Ears The Moment We Hit Shore · Florian T M Zeisig · More Eaze · K. Francis Messer · Róisín Berkeley - Wish You Were","","","2026-03","Playlist",""
"The Thinking Of The World Began Pounding In Our Ears The Moment We Hit Shore · Florian T M Zeisig · More Eaze · K. Francis Messer · Cal Fish · Don Lyons · Mari Maurice Rubio - Forever","","","2026-03","Playlist",""
"The Thinking Of The World Began Pounding In Our Ears The Moment We Hit Shore · Florian T M Zeisig · More Eaze · Mari Maurice Rubio - Let The Tears Roll","","","2026-03","Playlist",""
"The Thinking Of The World Began Pounding In Our Ears The Moment We Hit Shore · Florian T M Zeisig · More Eaze · Mari Maurice Rubio - Maybe","","","2026-03","Playlist",""
"The Thinking Of The World Began Pounding In Our Ears The Moment We Hit Shore · Florian T M Zeisig · More Eaze · JQ · Mari Maurice Rubio - Voice Memo","","","2026-03","Playlist",""
"The Thinking Of The World Began Pounding In Our Ears The Moment We Hit Shore · Florian T M Zeisig · K. Francis Messer · Don Lyons - Take 4","","","2026-03","Playlist",""
"The Thinking Of The World Began Pounding In Our Ears The Moment We Hit Shore · Florian T M Zeisig · More Eaze · Cal Fish · Don Lyons · Róisín Berkeley - World Loop","","","2026-03","Playlist",""
"The Thinking Of The World Began Pounding In Our Ears The Moment We Hit Shore · Florian T M Zeisig · More Eaze · Seán Being · Cal Fish - Who Is This","","","2026-03","Playlist",""
"Neil Young - The Old Country Waltz (2016 Remaster)","","","2026-03","Playlist",""
"Neil Young - Saddle up the Palomino (2016 Remaster)","","","2026-03","Playlist",""
"Neil Young - Hey Babe (2016 Remaster)","","","2026-03","Playlist",""
"Neil Young - Hold Back the Tears (2016 Remaster)","","","2026-03","Playlist",""
"Neil Young - Bite the Bullet (2016 Remaster)","","","2026-03","Playlist",""
"Neil Young - Star of Bethlehem (2016 Remaster)","","","2026-03","Playlist",""
"Neil Young - Will to Love (2016 Remaster)","","","2026-03","Playlist",""
"Neil Young - Like a Hurricane (2016 Remaster)","","","2026-03","Playlist",""
"Neil Young - Homegrown (2016 Remaster)","","","2026-03","Playlist",""
"Sleaford Mods - Air Conditioning (2024 Remaster)","","","2026-03","Playlist",""
"Sleaford Mods - Tied Up in Nottz (2024 Remaster)","","","2026-03","Playlist",""
"Sleaford Mods - A Little Ditty (2024 Remaster)","","","2026-03","Playlist",""
"Sleaford Mods - You're Brave (2024 Remaster)","","","2026-03","Playlist",""
"Sleaford Mods - Strike Force (2024 Remaster)","","","2026-03","Playlist",""
"Sleaford Mods - The Corgi (2024 Remaster)","","","2026-03","Playlist",""
"Sleaford Mods - From Rags to Richards (2024 Remaster)","","","2026-03","Playlist",""
"Sleaford Mods - Liveable Shit (2024 Remaster)","","","2026-03","Playlist",""
"Sleaford Mods - Under the Plastic and N.T.C. (2024 Remaster)","","","2026-03","Playlist",""
"Sleaford Mods - Tiswas (2024 Remaster)","","","2026-03","Playlist",""
"Sleaford Mods - Keep Out of It (2024 Remaster)","","","2026-03","Playlist",""
"Sleaford Mods - Smithy (2024 Remaster)","","","2026-03","Playlist",""
"Sleaford Mods - Middle Men (2024 Remaster)","","","2026-03","Playlist",""
"Sleaford Mods - Tweet Tweet Tweet (2024 Remaster)","","","2026-03","Playlist",""
"Topdown Dialectic · Anonymous - A1","","","2026-03","Playlist",""
"Topdown Dialectic · Anonymous - A2","","","2026-03","Playlist",""
"Topdown Dialectic · Anonymous - A3","","","2026-03","Playlist",""
"Topdown Dialectic · Anonymous - A4","","","2026-03","Playlist",""
"Topdown Dialectic · Anonymous - B1","","","2026-03","Playlist",""
"Topdown Dialectic · Anonymous - B2","","","2026-03","Playlist",""
"Topdown Dialectic · Anonymous - B3","","","2026-03","Playlist",""
"Topdown Dialectic · Anonymous - B4","","","2026-03","Playlist",""
"Sarah Neufeld · Rebecca Foon · Richard Reed Parry - Slow New Year","","","2026-03","Playlist",""
"Sarah Neufeld · Rebecca Foon · Richard Reed Parry - Duelling Flutters","","","2026-03","Playlist",""
"Sarah Neufeld · Rebecca Foon · Richard Reed Parry - Maria","","","2026-03","Playlist",""
"Sarah Neufeld · Rebecca Foon · Richard Reed Parry - Rosa Canina","","","2026-03","Playlist",""
"Sarah Neufeld · Rebecca Foon · Richard Reed Parry - Day Three","","","2026-03","Playlist",""
"Sarah Neufeld · Rebecca Foon · Richard Reed Parry - Clouding Clouds","","","2026-03","Playlist",""
"Sarah Neufeld · Rebecca Foon · Richard Reed Parry - First Sound","","","2026-03","Playlist",""
"Sarah Neufeld · Rebecca Foon · Richard Reed Parry - Circular","","","2026-03","Playlist",""
"Sarah Neufeld · Rebecca Foon · Richard Reed Parry - Georgia","","","2026-03","Playlist",""
"Saba Alizadeh - Temple of Hope","","","2026-03","Playlist",""
"Saba Alizadeh - To Become a Martyr, One Has to Be Murdered","","","2026-03","Playlist",""
"Saba Alizadeh feat. Andreas Spechtl - Beauty of Politics","","","2026-03","Playlist",""
"Saba Alizadeh - Drop by Drop an Ocean of Blood Forms","","","2026-03","Playlist",""
"Saba Alizadeh feat. Sanam Maroufkhani - Women Of Fire","","","2026-03","Playlist",""
"Saba Alizadeh - Fall of the Heroes","","","2026-03","Playlist",""
"Saba Alizadeh - Plain of the Free","","","2026-03","Playlist",""
"Saba Alizadeh feat. Leila Rahimi - What Comes From The Sea Returns To The Sea","","","2026-03","Playlist",""
"Saba Alizadeh feat. Andreas Spechtl - Extra Planetary Lovers","","","2026-03","Playlist",""
"Saba Alizadeh - Clamour","","","2026-03","Playlist",""
"Saba Alizadeh - You Tell Me...","","","2026-03","Playlist",""
"Pat Metheny Group - San Lorenzo","","","2026-03","Playlist",""
"Pat Metheny Group - Phase Dance","","","2026-03","Playlist",""
"Pat Metheny Group - Jaco","","","2026-03","Playlist",""
"Pat Metheny Group - Aprilwind","","","2026-03","Playlist",""
"Pat Metheny Group - April Joy","","","2026-03","Playlist",""
"Pat Metheny Group - Lone Jack","","","2026-03","Playlist",""
"Ross from Friends - The Daisy","","","2026-03","Playlist",""
"Ross from Friends - Love Divide","","","2026-03","Playlist",""
"Ross from Friends - Revellers","","","2026-03","Playlist",""
"Ross from Friends - A Brand New Start","","","2026-03","Playlist",""
"Ross from Friends - XXX Olympiad","","","2026-03","Playlist",""
"Ross from Friends - Grub","","","2026-03","Playlist",""
"Ross from Friends - Spatter/Splatter","","","2026-03","Playlist",""
"Ross from Friends - Morning Sun In A Dusty Room","","","2026-03","Playlist",""
"Ross from Friends - Run","","","2026-03","Playlist",""
"Ross from Friends - Life In A Mind","","","2026-03","Playlist",""
"Ross from Friends - Thresho_1.0","","","2026-03","Playlist",""
"Ross from Friends - Thresho_1.1","","","2026-03","Playlist",""
"Valium Aggelein - Here Comes The Black Moon","","","2026-03","Playlist",""
"Valium Aggelein - Liftoff In Stereo","","","2026-03","Playlist",""
"Valium Aggelein - Trial By Fire","","","2026-03","Playlist",""
"Valium Aggelein - The Clouds Will Drop Ladders","","","2026-03","Playlist",""
"Valium Aggelein - Triumph Of The Metal People","","","2026-03","Playlist",""
"Valium Aggelein - Frequency Converter","","","2026-03","Playlist",""
"Valium Aggelein - Birth To Death In Slow Motion","","","2026-03","Playlist",""
"Valium Aggelein - Dream Scientist","","","2026-03","Playlist",""
"Valium Aggelein - Bird Wings","","","2026-03","Playlist",""
"Valium Aggelein - Nudists","","","2026-03","Playlist",""
"Valium Aggelein - The Landing","","","2026-03","Playlist",""
"Valium Aggelein - Under The Mountain","","","2026-03","Playlist",""
"Valium Aggelein - Sonar","","","2026-03","Playlist",""
"Valium Aggelein - Mercury","","","2026-03","Playlist",""
"Valium Aggelein - The Valium Machine","","","2026-03","Playlist",""
"Valium Aggelein - Spies","","","2026-03","Playlist",""
"Valium Aggelein - V","","","2026-03","Playlist",""
"Valium Aggelein - Inside The Static Cult","","","2026-03","Playlist",""
"Valium Aggelein - Then, In 2060 A.D.","","","2026-03","Playlist",""
"Valium Aggelein - Alum Rock","","","2026-03","Playlist",""
"Valium Aggelein - Interruptor","","","2026-03","Playlist",""
"Valium Aggelein - Slower","","","2026-03","Playlist",""
"Valium Aggelein - Excerpt From Mount Hamilton","","","2026-03","Playlist",""
"Valium Aggelein - 96","","","2026-03","Playlist",""
"Valium Aggelein - Spark Collector","","","2026-03","Playlist",""
"Anouar Brahem - Raf Raf","","","2026-03","Playlist",""
"Anouar Brahem - Barzakh","","","2026-03","Playlist",""
"Anouar Brahem - Sadir","","","2026-03","Playlist",""
"Anouar Brahem - Ronda","","","2026-03","Playlist",""
"Anouar Brahem - Hou","","","2026-03","Playlist",""
"Anouar Brahem - Sarandib","","","2026-03","Playlist",""
"Anouar Brahem - Souga","","","2026-03","Playlist",""
"Anouar Brahem - Parfum de gitane","","","2026-03","Playlist",""
"Anouar Brahem - Bou Naouara","","","2026-03","Playlist",""
"Anouar Brahem - Kerkenah","","","2026-03","Playlist",""
"Anouar Brahem - La nuit des yeux","","","2026-03","Playlist",""
"Anouar Brahem - Le belvédère assiégé","","","2026-03","Playlist",""
"Anouar Brahem - Qaf","","","2026-03","Playlist",""
"Mostly Other People Do The Killing - Drainlick","","","2026-03","Playlist",""
"Mostly Other People Do The Killing - Evans City","","","2026-03","Playlist",""
"Mostly Other People Do The Killing - Round Bottom, Square Top","","","2026-03","Playlist",""
"Mostly Other People Do The Killing - Blue Ball","","","2026-03","Playlist",""
"Mostly Other People Do The Killing - Pen Argyl","","","2026-03","Playlist",""
"Mostly Other People Do The Killing - Burning Well","","","2026-03","Playlist",""
"Mostly Other People Do The Killing - Factoryville","","","2026-03","Playlist",""
"Mostly Other People Do The Killing - St. Mary's Proctor","","","2026-03","Playlist",""
"Mostly Other People Do The Killing - Elliott Mills","","","2026-03","Playlist",""
"Duster - Quiet Eyes","","","2026-03","Playlist",""
"Duster - Aqua Tofana","","","2026-03","Playlist",""
"Duster - No Feel","","","2026-03","Playlist",""
"Duster - Starting to Fall","","","2026-03","Playlist",""
"Duster - Close to Home","","","2026-03","Playlist",""
"Duster - Isn't Over","","","2026-03","Playlist",""
"Duster - Cosmotransporter","","","2026-03","Playlist",""
"Duster - Black Lace","","","2026-03","Playlist",""
"Duster - Space Trash","","","2026-03","Playlist",""
"Duster - Baking Tapes","","","2026-03","Playlist",""
"Duster - Like a Movie","","","2026-03","Playlist",""
"Duster - Poltergeist","","","2026-03","Playlist",""
"Duster - Anhedonia","","","2026-03","Playlist",""
"Bicep - Atlas","","","2026-03","Playlist",""
"Bicep - Cazenove","","","2026-03","Playlist",""
"Bicep - Apricots","","","2026-03","Playlist",""
"Bicep · Clara La San - Saku","","","2026-03","Playlist",""
"Bicep - Lido","","","2026-03","Playlist",""
"Bicep · Clara La San - X","","","2026-03","Playlist",""
"Bicep · Julia Kent - Rever","","","2026-03","Playlist",""
"Bicep - Sundial","","","2026-03","Playlist",""
"Bicep - Fir","","","2026-03","Playlist",""
"Bicep · machìna - Hawk","","","2026-03","Playlist",""